iteration,max_mismatch
1,0.48750000000000016
2,0.03331608409821757
3,7.224391180712941e-05
4,5.134111746851744e-10
