Line,Fromâ†’To,P_ij (pu),Q_ij (pu),P_ji (pu),Q_ji (pu),P_loss (pu),Q_loss (pu),|I| (pu),Loading (%),Status
1,Bus1â†’Bus2,0.88828,-0.04326,-0.87423,0.01894,0.01405,-0.02432,0.83899,35.57,âś“ OK
2,Bus1â†’Bus3,0.40765,0.01964,-0.39565,-0.03788,0.012,-0.01824,0.38502,16.32,âś“ OK
3,Bus2â†’Bus3,0.24683,0.03219,-0.24333,-0.0644,0.0035,-0.03221,0.2382,9.96,âś“ OK
4,Bus2â†’Bus4,0.27925,0.02708,-0.27483,-0.05655,0.00442,-0.02947,0.26848,11.22,âś“ OK
5,Bus2â†’Bus5,0.54815,0.07244,-0.53685,-0.07041,0.0113,0.00203,0.5291,22.12,âś“ OK
6,Bus3â†’Bus4,0.18898,-0.04772,-0.18862,0.0279,0.00036,-0.01982,0.19066,7.8,âś“ OK
7,Bus4â†’Bus5,0.06346,-0.02135,-0.06315,-0.02959,0.00031,-0.05094,0.06554,2.68,âś“ OK
