,Bus-1,Bus-2,Bus-3,Bus-4,Bus-5
Bus-1,6.250000000000001,-5.000000000000001,-1.2500000000000002,0.0,0.0
Bus-2,-5.000000000000001,10.833333333333334,-1.6666666666666667,-1.6666666666666667,-2.5000000000000004
Bus-3,-1.2500000000000002,-1.6666666666666667,12.916666666666668,-10.000000000000002,0.0
Bus-4,0.0,-1.6666666666666667,-10.000000000000002,12.916666666666668,-1.2500000000000002
Bus-5,0.0,-2.5000000000000004,0.0,-1.2500000000000002,3.750000000000001
